,error rxor on xor transformer,error rxor on rxor transformer,rep,sample
0,0.28400000000000003,0.32499999999999996,1,100
1,0.29400000000000004,0.273,1,166
2,0.28,0.278,1,278
3,0.29300000000000004,0.28500000000000003,1,464
4,0.255,0.262,1,774
5,0.271,0.269,1,1291
6,0.276,0.277,1,2154
7,0.267,0.269,1,3593
8,0.263,0.264,1,5994
9,0.29200000000000004,0.29500000000000004,1,10000
